{
    "scenes" : {

        "0" : {

            "enemies" :
            {
                "number" : 0
            },

            "borders" :
            {
                "number" : 4,

                "border0" :
                {
                    "vertices" : [0, 0, 1000, 0, 1000, 124, 0, 124],
                    "scene" : 1
                },

                "border1" :
                {
                    "vertices" : [0, 742, 1000, 742, 1000, 800, 0, 800],
                    "scene" : 0
                },

                "border2" :
                {
                    "vertices" : [0, 124, 53, 124, 53, 742, 0, 742],
                    "scene" : 2
                },

                "border3" :
                {
                    "vertices" : [947, 124, 1000, 124, 1000, 742, 947, 742],
                    "scene" : 2
                }
            },

            "obstacles" :
            {
                "number" : 4,

                "obstacle0" :
                {
                    "vertices" : [53, 124, 445, 124, 445, 233, 274, 233, 136, 413, 53, 413],
                },
                "obstacle1" :
                {
                    "vertices" : [560, 124, 947, 124, 947, 415, 601, 415, 560, 387]
                },
                "obstacle2" :
                {
                    "vertices" : [833, 476, 947, 476, 947, 742, 560, 742, 560, 651, 833, 651]
                },
                "obstacle3" :
                {
                    "vertices" : [53, 475, 166, 475, 166, 651, 560, 651, 560, 742, 53, 742]
                }
            }
        },

        "1" : {

            "enemies" :
            {
                "number" : 2
            },

            "borders" :
            {
                "number" : 4,

                "border0" :
                {
                    "vertices" : [0, 0, 1000, 0, 1000, 124, 0, 124],
                    "scene" : 2
                },

                "border1" :
                {
                    "vertices" : [0, 742, 1000, 742, 1000, 800, 0, 800],
                    "scene" : 0
                },

                "border2" :
                {
                    "vertices" : [0, 124, 53, 124, 53, 742, 0, 742],
                    "scene" : 2
                },

                "border3" :
                {
                    "vertices" : [947, 124, 1000, 124, 1000, 742, 947, 742],
                    "scene" : 2
                }
            },

            "obstacles" :
            {
                "number" : 11,

                "obstacle0" :
                {
                    "vertices" : [53, 124, 445, 124, 445, 213, 166, 213, 166, 389, 53, 389]
                },
                "obstacle1" :
                {
                    "vertices" : [560, 124, 947, 124, 947, 389, 833, 389, 833, 213, 560, 213]
                },
                "obstacle2" :
                {
                    "vertices" : [833, 476, 947, 476, 947, 742, 560, 742, 560, 651, 833, 651]
                },
                "obstacle3" :
                {
                    "vertices" : [53, 475, 166, 475, 166, 651, 442, 651, 442, 742, 53, 742]
                },
                "obstacle4" :
                {
                    "vertices" : [217, 381, 267, 381, 267, 481, 217, 481]
                },
                "obstacle5" :
                {
                    "vertices" : [332, 272, 378, 272, 378, 320, 332, 320]
                },
                "obstacle6" :
                {
                    "vertices" : [332, 518, 378, 518, 378, 563, 332, 563]
                },
                "obstacle7" :
                {
                    "vertices" : [473, 381, 521, 381, 521, 481, 473, 481]
                },
                "obstacle8" :
                {
                    "vertices" : [630, 272, 679, 272, 679, 320, 630, 320]
                },
                "obstacle9" :
                {
                    "vertices" : [630, 518, 679, 518, 679, 563, 630, 563]
                },
                "obstacle10" :
                {
                    "vertices" : [725, 381, 772, 381, 772, 481, 725, 481]
                }

            }
        },

        "2" : {

            "enemies" :
            {
                "number" : 6
            },

            "borders" :
            {
                "number" : 4,

                "border0" :
                {
                    "vertices" : [0, 0, 1000, 0, 1000, 124, 0, 124],
                    "scene" : 1
                },

                "border1" :
                {
                    "vertices" : [0, 742, 1000, 742, 1000, 800, 0, 800],
                    "scene" : 1
                },

                "border2" :
                {
                    "vertices" : [0, 124, 53, 124, 53, 742, 0, 742],
                    "scene" : 1
                },

                "border3" :
                {
                    "vertices" : [947, 124, 1000, 124, 1000, 742, 947, 742],
                    "scene" : 0
                }
            },

            "obstacles" :
            {
                "number" : 15,

                "obstacle0" :
                {
                    "vertices" : [53, 124, 445, 124, 445, 213, 166, 213, 166, 389, 53, 389]
                },
                "obstacle1" :
                {
                    "vertices" : [560, 124, 947, 124, 947, 389, 833, 389, 833, 213, 560, 213]
                },
                "obstacle2" :
                {
                    "vertices" : [833, 476, 947, 476, 947, 742, 560, 742, 560, 651, 833, 651]
                },
                "obstacle3" :
                {
                    "vertices" : [53, 475, 166, 475, 166, 651, 442, 651, 442, 742, 53, 742]
                },
                "obstacle4" :
                {
                    "vertices" : [213, 288, 264, 288, 264, 582, 213, 582]
                },
                "obstacle5" :
                {
                    "vertices" : [474, 230, 522, 230, 522, 634, 474, 634]
                },
                "obstacle6" :
                {
                    "vertices" : [724, 289, 772, 289, 772, 583, 724, 583]
                },
                "obstacle7" :
                {
                    "vertices" : [350, 259, 396, 259, 396, 307, 350, 307]
                },
                "obstacle8" :
                {
                    "vertices" : [350, 364, 396, 364, 396, 409, 350, 409]
                },
                "obstacle9" :
                {
                    "vertices" : [350, 461, 396, 461, 396, 511, 350, 511]
                },
                "obstacle10" :
                {
                    "vertices" : [350, 561, 396, 561, 396, 606, 350, 606]
                },
                "obstacle11" :
                {
                    "vertices" : [602, 263, 602, 263, 647, 307, 647, 307]
                },
                "obstacle12" :
                {
                    "vertices" : [602, 363, 602, 363, 647, 408, 647, 408]
                },
                "obstacle13" :
                {
                    "vertices" : [602, 465, 602, 465, 647, 511, 647, 511]
                },
                "obstacle14" :
                {
                    "vertices" : [602, 564, 602, 564, 647, 609, 647, 609]
                }
            }
        }
    }

}
